{
  "info": {
    "_postman_id": "c6a6f4f5-8b5a-4b1e-9c2e-1234567890ab",
    "name": "Smart Home Services Platform",
    "schema": "https://schema.getpostman.com/json/collection/v2.1.0/collection.json"
  },
  "variable": [
    {
      "key": "base_url",
      "value": "http://localhost:3000"
    },
    {
      "key": "jwt_token",
      "value": ""
    }
  ],
  "item": [
    {
      "name": "Auth",
      "item": [
        {
          "name": "Register User",
          "request": {
            "method": "POST",
            "header": [
              {
                "key": "Content-Type",
                "value": "application/json"
              }
            ],
            "url": "{{base_url}}/auth/register",
            "body": {
              "mode": "raw",
              "raw": "{\n  \"firstName\": \"Alice\",\n  \"lastName\": \"Lee\",\n  \"email\": \"alice@example.com\",\n  \"phone\": \"+1234567890\",\n  \"password\": \"Secret123\"\n}"
            }
          }
        },
        {
          "name": "Login User",
          "request": {
            "method": "POST",
            "header": [
              {
                "key": "Content-Type",
                "value": "application/json"
              }
            ],
            "url": "{{base_url}}/auth/login",
            "body": {
              "mode": "raw",
              "raw": "{\n  \"email\": \"alice@example.com\",\n  \"password\": \"Secret123\"\n}"
            }
          }
        },
        {
          "name": "Login Provider",
          "request": {
            "method": "POST",
            "header": [
              {
                "key": "Content-Type",
                "value": "application/json"
              }
            ],
            "url": "{{base_url}}/auth/login",
            "body": {
              "mode": "raw",
              "raw": "{\n  \"email\": \"bob@pro.com\",\n  \"password\": \"Power123\"\n}"
            }
          }
        },
        {
          "name": "Login Admin",
          "request": {
            "method": "POST",
            "header": [
              {
                "key": "Content-Type",
                "value": "application/json"
              }
            ],
            "url": "{{base_url}}/auth/login",
            "body": {
              "mode": "raw",
              "raw": "{\n  \"email\": \"admin@example.com\",\n  \"password\": \"AdminPass123\"\n}"
            }
          }
        }
      ]
    },
    {
      "name": "Locations",
      "item": [
        {
          "name": "Add Location",
          "request": {
            "method": "POST",
            "header": [
              {
                "key": "Content-Type",
                "value": "application/json"
              },
              {
                "key": "Authorization",
                "value": "Bearer {{jwt_token}}"
              }
            ],
            "url": "{{base_url}}/api/locations",
            "body": {
              "mode": "raw",
              "raw": "{\n  \"locationName\": \"Home\",\n  \"latitude\": 37.7749,\n  \"longitude\": -122.4194,\n  \"street\": \"123 Main\",\n  \"buildingFloor\": \"Apt 5\",\n  \"additionalNotes\": \"Gate code 1234\",\n  \"isDefault\": true\n}"
            }
          }
        },
        {
          "name": "List My Locations",
          "request": {
            "method": "GET",
            "header": [
              {
                "key": "Authorization",
                "value": "Bearer {{jwt_token}}"
              }
            ],
            "url": "{{base_url}}/api/locations"
          }
        },
        {
          "name": "Update Location",
          "request": {
            "method": "PUT",
            "header": [
              {
                "key": "Content-Type",
                "value": "application/json"
              },
              {
                "key": "Authorization",
                "value": "Bearer {{jwt_token}}"
              }
            ],
            "url": "{{base_url}}/api/locations/:id",
            "body": {
              "mode": "raw",
              "raw": "{ \"street\": \"456 Updated\" }"
            }
          }
        },
        {
          "name": "Delete Location",
          "request": {
            "method": "DELETE",
            "header": [
              {
                "key": "Authorization",
                "value": "Bearer {{jwt_token}}"
              }
            ],
            "url": "{{base_url}}/api/locations/:id"
          }
        },
        {
          "name": "Set Default Location",
          "request": {
            "method": "PATCH",
            "header": [
              {
                "key": "Authorization",
                "value": "Bearer {{jwt_token}}"
              }
            ],
            "url": "{{base_url}}/api/locations/:id/default"
          }
        }
      ]
    },
    {
      "name": "Categories (Public)",
      "item": [
        {
          "name": "List Categories",
          "request": {
            "method": "GET",
            "url": "{{base_url}}/api/categories"
          }
        },
        {
          "name": "Filter Categories by Price",
          "request": {
            "method": "GET",
            "url": "{{base_url}}/api/categories?minPrice=30&maxPrice=100"
          }
        }
      ]
    },
    {
      "name": "Categories (Admin)",
      "item": [
        {
          "name": "Create Category",
          "request": {
            "method": "POST",
            "header": [
              {
                "key": "Content-Type",
                "value": "application/json"
              },
              {
                "key": "Authorization",
                "value": "Bearer {{jwt_token}}"
              }
            ],
            "url": "{{base_url}}/api/admin/categories",
            "body": {
              "mode": "raw",
              "raw": "{ \"name\": \"Electrician\", \"description\": \"Electrical fixes\", \"basePrice\": 50, \"icon\": \"icon-electrician\", \"isActive\": true }"
            }
          }
        },
        {
          "name": "Update Category",
          "request": {
            "method": "PUT",
            "header": [
              {
                "key": "Content-Type",
                "value": "application/json"
              },
              {
                "key": "Authorization",
                "value": "Bearer {{jwt_token}}"
              }
            ],
            "url": "{{base_url}}/api/admin/categories/:id",
            "body": {
              "mode": "raw",
              "raw": "{ \"description\": \"Updated desc\", \"icon\": \"icon-updated\" }"
            }
          }
        },
        {
          "name": "Delete Category",
          "request": {
            "method": "DELETE",
            "header": [
              {
                "key": "Authorization",
                "value": "Bearer {{jwt_token}}"
              }
            ],
            "url": "{{base_url}}/api/admin/categories/:id"
          }
        }
      ]
    },
    {
      "name": "Providers",
      "item": [
        {
          "name": "Register Provider (create/upgrade)",
          "request": {
            "method": "POST",
            "header": [
              {
                "key": "Content-Type",
                "value": "application/json"
              }
            ],
            "url": "{{base_url}}/api/providers/register",
            "body": {
              "mode": "raw",
              "raw": "{\n  \"user\": { \"firstName\": \"Bob\", \"lastName\": \"Spark\", \"email\": \"bob@pro.com\", \"phone\": \"+1987654321\", \"password\": \"Power123\" },\n  \"serviceCategoryId\": \"<categoryId>\",\n  \"fixedLatitude\": 37.78,\n  \"fixedLongitude\": -122.42,\n  \"addressLine\": \"456 Market\",\n  \"serviceRadiusKm\": 15,\n  \"experienceYears\": 5,\n  \"bio\": \"Certified electrician\"\n}"
            }
          }
        },
        {
          "name": "List Providers (public, optional category filter)",
          "request": {
            "method": "GET",
            "description": "Returns providers sorted nearest-first when latitude/longitude are provided; omit them to keep default order. Use name to search by provider name (case-insensitive).",
            "url": "{{base_url}}/api/providers?serviceCategoryId=<categoryId>&latitude=<userLat>&longitude=<userLng>&name=<searchTerm>"
          }
        },
        {
          "name": "Get My Provider Profile",
          "request": {
            "method": "GET",
            "header": [
              {
                "key": "Authorization",
                "value": "Bearer {{jwt_token}}"
              }
            ],
            "url": "{{base_url}}/api/providers/me"
          }
        },
        {
          "name": "Update My Provider Profile",
          "request": {
            "method": "PUT",
            "header": [
              {
                "key": "Content-Type",
                "value": "application/json"
              },
              {
                "key": "Authorization",
                "value": "Bearer {{jwt_token}}"
              }
            ],
            "url": "{{base_url}}/api/providers/me",
            "body": {
              "mode": "raw",
              "raw": "{ \"serviceCategoryId\": \"<categoryId>\", \"serviceRadiusKm\": 20, \"fixedLatitude\": 37.79, \"fixedLongitude\": -122.41 }"
            }
          }
        }
      ]
    },
    {
      "name": "Service Requests (User)",
      "item": [
        {
          "name": "Create Service Request",
          "request": {
            "method": "POST",
            "header": [
              {
                "key": "Content-Type",
                "value": "application/json"
              },
              {
                "key": "Authorization",
                "value": "Bearer {{jwt_token}}"
              }
            ],
            "url": "{{base_url}}/api/requests",
            "body": {
              "mode": "raw",
              "raw": "{\n  \"serviceCategoryId\": \"<categoryId>\",\n  \"userLocationId\": \"<locationId>\",\n  \"problemDescription\": \"Power outlet sparks when used\",\n  \"requestedDateTime\": \"2024-07-01T10:00:00Z\",\n  \"photoUrl\": \"https://example.com/photo.jpg\",\n  \"paymentMethod\": \"WALLET\"\n}\n// price is auto-set from the category base price; wallet requests hold that base price immediately"
            }
          }
        },
        {
          "name": "List My Requests",
          "request": {
            "method": "GET",
            "header": [
              {
                "key": "Authorization",
                "value": "Bearer {{jwt_token}}"
              }
            ],
            "description": "Returns my service requests sorted newest-first. Each item now includes isRated (boolean) to indicate whether I already submitted a rating for that request.",
            "url": "{{base_url}}/api/requests/my"
          }
        },
        {
          "name": "List Pending Approvals (wallet/cash after completion)",
          "request": {
            "method": "GET",
            "header": [
              {
                "key": "Authorization",
                "value": "Bearer {{jwt_token}}"
              }
            ],
            "description": "Returns completed requests awaiting user confirmation. Includes wallet holds and cash jobs in PENDING_USER_CONFIRMATION/HOLD states.",
            "url": "{{base_url}}/api/requests/my/pending-approvals"
          }
        },
        {
          "name": "Accept Payment (cash or wallet)",
          "request": {
            "method": "PATCH",
            "header": [
              {
                "key": "Content-Type",
                "value": "application/json"
              },
              {
                "key": "Authorization",
                "value": "Bearer {{jwt_token}}"
              }
            ],
            "description": "User approval step after provider completes. For CASH, simply marks paymentStatus PAID. For WALLET, consumes the hold, charges any extra, refunds any leftover, credits provider wallet, and records transactions.",
            "url": "{{base_url}}/api/requests/:id/accept"
          }
        },
        {
          "name": "Confirm Completion (cash only)",
          "request": {
            "method": "PATCH",
            "header": [
              {
                "key": "Content-Type",
                "value": "application/json"
              },
              {
                "key": "Authorization",
                "value": "Bearer {{jwt_token}}"
              }
            ],
            "description": "User confirms provider-completed CASH jobs; moves paymentStatus to PAID.",
            "url": "{{base_url}}/api/requests/:id/confirm"
          }
        },
        {
          "name": "Cancel My Request",
          "request": {
            "method": "PATCH",
            "header": [
              {
                "key": "Content-Type",
                "value": "application/json"
              },
              {
                "key": "Authorization",
                "value": "Bearer {{jwt_token}}"
              }
            ],
            "url": "{{base_url}}/api/requests/:id/status",
            "body": {
              "mode": "raw",
              "raw": "{ \"status\": \"CANCELED\" }"
            }
          }
        }
      ]
    },
    {
      "name": "Service Requests (Provider)",
      "item": [
        {
          "name": "List My Active + Nearby Pending",
          "request": {
            "method": "GET",
            "header": [
              {
                "key": "Authorization",
                "value": "Bearer {{jwt_token}}"
              }
            ],
            "description": "Returns your active accepted/in-progress requests plus nearby pending ones in your category when a fixed location is set. Adds isAssignedToMe and distanceKm when location exists.",
            "url": "{{base_url}}/api/providers/requests"
          }
        },
        {
          "name": "Accept Request",
          "request": {
            "method": "PATCH",
            "header": [
              {
                "key": "Authorization",
                "value": "Bearer {{jwt_token}}"
              }
            ],
            "url": "{{base_url}}/api/providers/requests/:id/accept"
          }
        },
        {
          "name": "Reject Request (pending or assigned)",
          "request": {
            "method": "PATCH",
            "header": [
              {
                "key": "Authorization",
                "value": "Bearer {{jwt_token}}"
              }
            ],
            "description": "Provider can reject a request in their category when it is PENDING or already ACCEPTED by them; marks it as REJECTED.",
            "url": "{{base_url}}/api/providers/requests/:id/reject"
          }
        },
        {
          "name": "Update Request Status (provider: IN_PROGRESS/COMPLETED)",
          "request": {
            "method": "PATCH",
            "header": [
              {
                "key": "Content-Type",
                "value": "application/json"
              },
              {
                "key": "Authorization",
                "value": "Bearer {{jwt_token}}"
              }
            ],
            "url": "{{base_url}}/api/providers/requests/:id/status",
            "description": "Send {\"status\":\"IN_PROGRESS\"} or {\"status\":\"COMPLETED\",\"amount\":120}. Completing requires amount and sets paymentStatus to PENDING_USER_CONFIRMATION.",
            "body": {
              "mode": "raw",
              "raw": "{ \"status\": \"COMPLETED\", \"amount\": 120 }"
            }
          }
        },
        {
          "name": "Complete Request (shortcut)",
          "request": {
            "method": "PATCH",
            "header": [
              {
                "key": "Content-Type",
                "value": "application/json"
              },
              {
                "key": "Authorization",
                "value": "Bearer {{jwt_token}}"
              }
            ],
            "description": "Marks the request as COMPLETED for the assigned provider; amount is required.",
            "url": "{{base_url}}/api/providers/requests/:id/complete",
            "body": {
              "mode": "raw",
              "raw": "{ \"amount\": 120 }"
            }
          }
        },
        {
          "name": "Cash-In Request (after cash payment)",
          "request": {
            "method": "POST",
            "header": [
              {
                "key": "Content-Type",
                "value": "application/json"
              },
              {
                "key": "Authorization",
                "value": "Bearer {{jwt_token}}"
              }
            ],
            "description": "Only allowed for the assigned provider after taking cash payment.",
            "url": "{{base_url}}/api/providers/requests/:id/cash-in",
            "body": {
              "mode": "raw",
              "raw": "{ \"amount\": 80 }"
            }
          }
        },
        {
          "name": "List My Completed Requests",
          "request": {
            "method": "GET",
            "header": [
              {
                "key": "Authorization",
                "value": "Bearer {{jwt_token}}"
              }
            ],
            "description": "Provider history view: returns completed requests assigned to the authenticated provider, sorted by last update, with user/location/category info populated.",
            "url": "{{base_url}}/api/providers/requests/completed"
          }
        }
      ]
    },
    {
      "name": "Ratings",
      "item": [
        {
          "name": "Create Rating",
          "request": {
            "method": "POST",
            "header": [
              {
                "key": "Content-Type",
                "value": "application/json"
              },
              {
                "key": "Authorization",
                "value": "Bearer {{jwt_token}}"
              }
            ],
            "description": "User can rate only after the request status is COMPLETED.",
            "url": "{{base_url}}/api/ratings",
            "body": {
              "mode": "raw",
              "raw": "{ \"serviceRequestId\": \"<requestId>\", \"score\": 5, \"comment\": \"Great job!\" }"
            }
          }
        },
        {
          "name": "List Ratings for Provider",
          "request": {
            "method": "GET",
            "url": "{{base_url}}/api/ratings/provider/:providerId"
          }
        }
      ]
    },
    {
      "name": "Wallet (User/Provider)",
      "item": [
        {
          "name": "Get My Wallet",
          "request": {
            "method": "GET",
            "header": [
              {
                "key": "Authorization",
                "value": "Bearer {{jwt_token}}"
              }
            ],
            "url": "{{base_url}}/api/wallet"
          }
        },
        {
          "name": "Pay with Wallet",
          "request": {
            "method": "POST",
            "header": [
              {
                "key": "Authorization",
                "value": "Bearer {{jwt_token}}"
              }
            ],
            "description": "User pays for COMPLETED wallet requests that are pending confirmation; uses held base price, charges any extra, refunds any leftover hold, and credits the assigned provider wallet.",
            "url": "{{base_url}}/api/wallet/pay/:requestId"
          }
        },
        {
          "name": "Provider Withdraw Request",
          "request": {
            "method": "POST",
            "header": [
              {
                "key": "Content-Type",
                "value": "application/json"
              },
              {
                "key": "Authorization",
                "value": "Bearer {{jwt_token}}"
              }
            ],
            "url": "{{base_url}}/api/providers/wallet/withdraw-request",
            "body": {
              "mode": "raw",
              "raw": "{ \"amount\": 50 }"
            }
          }
        }
      ]
    },
    {
      "name": "Wallet (Admin)",
      "item": [
        {
          "name": "Reference Options (users/providers/requests/tx)",
          "request": {
            "method": "GET",
            "header": [
              {
                "key": "Authorization",
                "value": "Bearer {{jwt_token}}"
              }
            ],
            "description": "Lists recent users/providers/requests/pending transactions to help fill IDs in other admin wallet calls.",
            "url": "{{base_url}}/api/admin/wallet/options"
          }
        },
        {
          "name": "Top-up User",
          "request": {
            "method": "POST",
            "header": [
              {
                "key": "Content-Type",
                "value": "application/json"
              },
              {
                "key": "Authorization",
                "value": "Bearer {{jwt_token}}"
              }
            ],
            "url": "{{base_url}}/api/admin/wallet/topup-user",
            "body": {
              "mode": "raw",
              "raw": "{ \"userId\": \"<userId>\", \"amount\": 100 }"
            }
          }
        },
        {
          "name": "Top-up/Adjust Provider",
          "request": {
            "method": "POST",
            "header": [
              {
                "key": "Content-Type",
                "value": "application/json"
              },
              {
                "key": "Authorization",
                "value": "Bearer {{jwt_token}}"
              }
            ],
            "url": "{{base_url}}/api/admin/wallet/topup-provider",
            "body": {
              "mode": "raw",
              "raw": "{ \"providerId\": \"<providerId>\", \"amount\": 75 }"
            }
          }
        },
        {
          "name": "Approve Cash-In",
          "request": {
            "method": "POST",
            "header": [
              {
                "key": "Authorization",
                "value": "Bearer {{jwt_token}}"
              }
            ],
            "url": "{{base_url}}/api/admin/wallet/cash-in/:transactionId/approve"
          }
        },
        {
          "name": "Reject Cash-In",
          "request": {
            "method": "POST",
            "header": [
              {
                "key": "Authorization",
                "value": "Bearer {{jwt_token}}"
              }
            ],
            "url": "{{base_url}}/api/admin/wallet/cash-in/:transactionId/reject"
          }
        },
        {
          "name": "Provider Earning Approval",
          "request": {
            "method": "POST",
            "header": [
              {
                "key": "Content-Type",
                "value": "application/json"
              },
              {
                "key": "Authorization",
                "value": "Bearer {{jwt_token}}"
              }
            ],
            "url": "{{base_url}}/api/admin/wallet/provider-earning",
            "body": {
              "mode": "raw",
              "raw": "{ \"providerId\": \"<providerId>\", \"serviceRequestId\": \"<requestId>\", \"amount\": 80 }"
            }
          }
        },
        {
          "name": "Approve Withdrawal",
          "request": {
            "method": "POST",
            "header": [
              {
                "key": "Authorization",
                "value": "Bearer {{jwt_token}}"
              }
            ],
            "url": "{{base_url}}/api/admin/wallet/withdraw/:transactionId/approve"
          }
        },
        {
          "name": "Reject Withdrawal",
          "request": {
            "method": "POST",
            "header": [
              {
                "key": "Authorization",
                "value": "Bearer {{jwt_token}}"
              }
            ],
            "url": "{{base_url}}/api/admin/wallet/withdraw/:transactionId/reject"
          }
        }
      ]
    },
    {
      "name": "Admin Users",
      "item": [
        {
          "name": "List Users (admin)",
          "request": {
            "method": "GET",
            "header": [
              {
                "key": "Authorization",
                "value": "Bearer {{jwt_token}}"
              }
            ],
            "description": "Optional query: limit (default 100, max 500).",
            "url": "{{base_url}}/api/admin/users?limit=50"
          }
        },
        {
          "name": "Create User (admin)",
          "request": {
            "method": "POST",
            "header": [
              {
                "key": "Content-Type",
                "value": "application/json"
              },
              {
                "key": "Authorization",
                "value": "Bearer {{jwt_token}}"
              }
            ],
            "url": "{{base_url}}/api/admin/users",
            "body": {
              "mode": "raw",
              "raw": "{\n  \"firstName\": \"Eve\",\n  \"lastName\": \"Stone\",\n  \"email\": \"eve@example.com\",\n  \"phone\": \"+15555550000\",\n  \"password\": \"AdminUser123\",\n  \"role\": \"USER\",\n  \"isActive\": true\n}"
            }
          }
        },
        {
          "name": "Update User (admin)",
          "request": {
            "method": "PUT",
            "header": [
              {
                "key": "Content-Type",
                "value": "application/json"
              },
              {
                "key": "Authorization",
                "value": "Bearer {{jwt_token}}"
              }
            ],
            "url": "{{base_url}}/api/admin/users/:id",
            "body": {
              "mode": "raw",
              "raw": "{\n  \"firstName\": \"Updated\",\n  \"role\": \"MANAGER\",\n  \"password\": \"NewPass123\"\n}"
            }
          }
        },
        {
          "name": "Deactivate User (admin)",
          "request": {
            "method": "DELETE",
            "header": [
              {
                "key": "Authorization",
                "value": "Bearer {{jwt_token}}"
              }
            ],
            "description": "Marks the user inactive and also deactivates a linked provider profile if present.",
            "url": "{{base_url}}/api/admin/users/:id"
          }
        }
      ]
    },
    {
      "name": "Admin Providers",
      "item": [
        {
          "name": "List Providers (admin)",
          "request": {
            "method": "GET",
            "header": [
              {
                "key": "Authorization",
                "value": "Bearer {{jwt_token}}"
              }
            ],
            "description": "Query: limit (default 100), serviceCategoryId, isActive=true/false.",
            "url": "{{base_url}}/api/admin/providers?limit=50"
          }
        },
        {
          "name": "Create Provider (admin)",
          "request": {
            "method": "POST",
            "header": [
              {
                "key": "Content-Type",
                "value": "application/json"
              },
              {
                "key": "Authorization",
                "value": "Bearer {{jwt_token}}"
              }
            ],
            "url": "{{base_url}}/api/admin/providers",
            "body": {
              "mode": "raw",
              "raw": "{\n  \"serviceCategoryId\": \"<categoryId>\",\n  \"user\": {\n    \"firstName\": \"Paula\",\n    \"lastName\": \"Pro\",\n    \"email\": \"paula@pro.com\",\n    \"phone\": \"+15555550111\",\n    \"password\": \"Provider123\"\n  },\n  \"fixedLatitude\": 37.78,\n  \"fixedLongitude\": -122.42,\n  \"addressLine\": \"456 Market St\",\n  \"serviceRadiusKm\": 20,\n  \"experienceYears\": 6,\n  \"bio\": \"Certified electrician\",\n  \"isActive\": true\n}"
            }
          }
        },
        {
          "name": "Update Provider (admin)",
          "request": {
            "method": "PUT",
            "header": [
              {
                "key": "Content-Type",
                "value": "application/json"
              },
              {
                "key": "Authorization",
                "value": "Bearer {{jwt_token}}"
              }
            ],
            "url": "{{base_url}}/api/admin/providers/:id",
            "body": {
              "mode": "raw",
              "raw": "{\n  \"serviceCategoryId\": \"<categoryId>\",\n  \"fixedLatitude\": 37.80,\n  \"fixedLongitude\": -122.40,\n  \"serviceRadiusKm\": 18,\n  \"isActive\": false\n}"
            }
          }
        },
        {
          "name": "Deactivate Provider (admin)",
          "request": {
            "method": "DELETE",
            "header": [
              {
                "key": "Authorization",
                "value": "Bearer {{jwt_token}}"
              }
            ],
            "url": "{{base_url}}/api/admin/providers/:id"
          }
        }
      ]
    },
    {
      "name": "Admin Dashboard",
      "item": [
        {
          "name": "Overview Metrics",
          "request": {
            "method": "GET",
            "header": [
              {
                "key": "Authorization",
                "value": "Bearer {{jwt_token}}"
              }
            ],
            "url": "{{base_url}}/api/admin/overview"
          }
        },
        {
          "name": "List Requests (filterable)",
          "request": {
            "method": "GET",
            "header": [
              {
                "key": "Authorization",
                "value": "Bearer {{jwt_token}}"
              }
            ],
            "description": "Query params: status, userId, providerId, limit (default 50, max 200).",
            "url": "{{base_url}}/api/admin/requests?status=PENDING&limit=50"
          }
        },
        {
          "name": "List Transactions (filterable)",
          "request": {
            "method": "GET",
            "header": [
              {
                "key": "Authorization",
                "value": "Bearer {{jwt_token}}"
              }
            ],
            "description": "Query params: status, type, userId, providerId, limit (default 50, max 200).",
            "url": "{{base_url}}/api/admin/transactions?status=PENDING&type=CASH_IN_REQUEST&limit=50"
          }
        }
      ]
    }
  ]
}
